id;name;serial_no;job_title
1;Handcrafted RSS;Concrete;Dynamic Mobility Manager
2;SMS bypassing;Dalasi Chicken;Global Operations Analyst
3;Gloves Awesome;models Mews uniform;Global Paradigm Executive
4;Interactions;blockchains payment;Corporate Integration Engineer
5;Oregon;Account withdrawal Towels;District Data Agent
6;FTP Group Avon;Representative red Ball;Global Configuration Coordinator
7;reinvent Egyptian Practical;portal bypassing Hampshire;Regional Data Technician
8;Account California;Borders payment;Legacy Paradigm Assistant
9;moderator index;open Uruguay;District Markets Facilitator
10;Directives Berkshire Product;Incredible;International Branding Engineer
