id;action_name;entity_name;entity_id
1;Dinar;productize integrate;transform
2;Optimization invoice generate;cyan Soap Soft;Legacy Leone
3;Djibouti Ariary reintermediate;withdrawal;mobile Infrastructure
4;Platinum Maryland deposit;artificial;deposit Plastic Polarised
5;parsing Data Soft;Qatar Innovative;withdrawal Illinois Internal
6;Awesome Berkshire COM;sensor Tuvalu Chips;Web Incredible
7;standardization;niches;unleash web-readiness
8;SCSI innovate Supervisor;intangible Automotive needs-based;overriding
9;leverage SMTP;Singapore Cross-platform Fresh;Ways cross-platform
10;Senior Small Rubber;Program CSS multi-byte;functionalities
